step	role	source_path	file_name	file_ext	size_bytes	sha256	release_path
code	analysis_script	/mnt/h/vir/ST/05_bridge_to_h5ad.py	05_bridge_to_h5ad.py	.py	8387	26a5e53c448ad9e4cace48f5359c2d9172f5357ccd5e21c67c0d1696b5c7f9c0	github_repo_skeleton/scripts/05_bridge_to_h5ad.py
code	analysis_script	/mnt/h/vir/ST/06_check_h5ad.py	06_check_h5ad.py	.py	3396	85b365c68ed3cb6bf0d001109d63a42b8542767a0679bf1fdd4a63f092788883	github_repo_skeleton/scripts/06_check_h5ad.py
code	analysis_script	/mnt/h/vir/ST/07_step4_baseline_benchmark.py	07_step4_baseline_benchmark.py	.py	29055	e7f38f44e028996e299570b69d7a44d27078df38b0e85194e7df195ee31ab036	github_repo_skeleton/scripts/07_step4_baseline_benchmark.py
code	analysis_script	/mnt/h/vir/ST/07_step4_debug_check.py	07_step4_debug_check.py	.py	1675	c993b5b99bbf9d550cee615ae51698d296cf20fa98c4c8f5b407eac1ecee9acf	github_repo_skeleton/scripts/07_step4_debug_check.py
code	analysis_script	/mnt/h/vir/ST/07_step4_debug_check02.py	07_step4_debug_check02.py	.py	28749	e15397df252290c5ca02b5cdec39fdd98f78fef65584fc2191a43f132e768075	github_repo_skeleton/scripts/07_step4_debug_check02.py
code	analysis_script	/mnt/h/vir/ST/08_step5_prepare_nicheformer_inputs.py	08_step5_prepare_nicheformer_inputs.py	.py	10175	aa84ff78bea15150e79389cdde70e4c94b8c22d27096c6ba2b5fe1d3d0346081	github_repo_skeleton/scripts/08_step5_prepare_nicheformer_inputs.py
code	analysis_script	/mnt/h/vir/ST/08b_inspect_nicheformer_install.py	08b_inspect_nicheformer_install.py	.py	2859	1a4bd151676f9c8f77ff56bad728980dee7dc231fe36c6c1105986cf9ab0bfb6	github_repo_skeleton/scripts/08b_inspect_nicheformer_install.py
code	analysis_script	/mnt/h/vir/ST/08c_build_mouse_human_vocab_map_v2.py	08c_build_mouse_human_vocab_map_v2.py	.py	13902	714c02ef1a1347ea989dc7cc351a6a1542c2a9f2861e94cf1a8c80c124189532	github_repo_skeleton/scripts/08c_build_mouse_human_vocab_map_v2.py
code	analysis_script	/mnt/h/vir/ST/08c_check_nicheformer_tokens.py	08c_check_nicheformer_tokens.py	.py	3273	1a6545edbbf80cdecaf5509644b00c76556d0a18fb63d099dfc1e95d3ce12370	github_repo_skeleton/scripts/08c_check_nicheformer_tokens.py
code	analysis_script	/mnt/h/vir/ST/08c_debug_nicheformer_gene_overlap.py	08c_debug_nicheformer_gene_overlap.py	.py	4690	2c877333e4c7c39bd9729049b4b05bc31101e45e78e9a9812e469e70e6e279b0	github_repo_skeleton/scripts/08c_debug_nicheformer_gene_overlap.py
code	analysis_script	/mnt/h/vir/ST/08c_download_nicheformer_vocab.py	08c_download_nicheformer_vocab.py	.py	953	0f570c170e38de3ae1e1971508281ccd285cce6deb86364630b890b866eaae89	github_repo_skeleton/scripts/08c_download_nicheformer_vocab.py
code	analysis_script	/mnt/h/vir/ST/08c_find_nicheformer_gene_order.py	08c_find_nicheformer_gene_order.py	.py	1821	a028de29c2c7b06f780bdfd8c049240ee572e22c445eed294f65ef0317569fcc	github_repo_skeleton/scripts/08c_find_nicheformer_gene_order.py
code	analysis_script	/mnt/h/vir/ST/08c_make_mouse_to_human_ensg_map.py	08c_make_mouse_to_human_ensg_map.py	.py	4531	abc92d177507d5ac7d13a3661c20bf30422fa930d436d4a10553017aee647a26	github_repo_skeleton/scripts/08c_make_mouse_to_human_ensg_map.py
code	analysis_script	/mnt/h/vir/ST/08c_prepare_nicheformer_20310_inputs.py	08c_prepare_nicheformer_20310_inputs.py	.py	7114	2f8c6109989a4f82dcff73a12ddf250655cc9e8ba7afce41af6f5d4827a75fc9	github_repo_skeleton/scripts/08c_prepare_nicheformer_20310_inputs.py
code	analysis_script	/mnt/h/vir/ST/08c_prepare_nicheformer_20310_ortholog_v4.py	08c_prepare_nicheformer_20310_ortholog_v4.py	.py	0	e3b0c44298fc1c149afbf4c8996fb92427ae41e4649b934ca495991b7852b855	github_repo_skeleton/scripts/08c_prepare_nicheformer_20310_ortholog_v4.py
code	analysis_script	/mnt/h/vir/ST/08c_run_nicheformer_embeddings.py	08c_run_nicheformer_embeddings.py	.py	6311	676a176f5ebbe18042187b3206f5c72b83cceb389ec6191e760da445732fb544	github_repo_skeleton/scripts/08c_run_nicheformer_embeddings.py
code	analysis_script	/mnt/h/vir/ST/09_step5_integrate_nicheformer_embeddings.py	09_step5_integrate_nicheformer_embeddings.py	.py	2599	3c00ff24d09bfcd67d9cbb6e99c80e1d52b8bcb2f809af912a6f9f717cb14fc1	github_repo_skeleton/scripts/09_step5_integrate_nicheformer_embeddings.py
code	analysis_script	/mnt/h/vir/ST/10_step5_nicheformer_tasks.py	10_step5_nicheformer_tasks.py	.py	16379	0bd0905246322d7e9b66c3ad201b2e22aa4f7f9465f5305d256fb72e6c7555e5	github_repo_skeleton/scripts/10_step5_nicheformer_tasks.py
code	analysis_script	/mnt/h/vir/ST/11_visualize_step5_nicheformer_summary.py	11_visualize_step5_nicheformer_summary.py	.py	4911	65059605bba9f4feb1aef4ba42961ae7f419e4300c19b0fca3e854a5340eb9bf	github_repo_skeleton/scripts/11_visualize_step5_nicheformer_summary.py
code	analysis_script	/mnt/h/vir/ST/12a_inspect_scgpt_install.py	12a_inspect_scgpt_install.py	.py	2085	99b6b041bfc9016cd9f6b3242b5fbf1e897de083411700bf7f91cf7bd9689775	github_repo_skeleton/scripts/12a_inspect_scgpt_install.py
code	analysis_script	/mnt/h/vir/ST/12b_run_scgpt_embeddings.py	12b_run_scgpt_embeddings.py	.py	18016	7d0140a70a57c8c234c99ceb3488387b0c4f6381a83bf6710d2e846cc35c13b8	github_repo_skeleton/scripts/12b_run_scgpt_embeddings.py
code	analysis_script	/mnt/h/vir/ST/12c_step6_scgpt_tasks.py	12c_step6_scgpt_tasks.py	.py	14588	651ec5c80358f191df6cf5e09ab64d29d29fb38a8510656ab13946f91a07158d	github_repo_skeleton/scripts/12c_step6_scgpt_tasks.py
code	analysis_script	/mnt/h/vir/ST/12d_compare_step4_step5_step6.py	12d_compare_step4_step5_step6.py	.py	3817	7b523a94b1387b3e0952cc7edb622284f488f1b2be7eeb7041e6967c5aec3452	github_repo_skeleton/scripts/12d_compare_step4_step5_step6.py
code	analysis_script	/mnt/h/vir/ST/13_plot_nicheformer_umap_by_region.py	13_plot_nicheformer_umap_by_region.py	.py	5972	0629474a6324751a2361bfd3afe9dc70e206bd8c55bc563da9d54f5d18cf3609	github_repo_skeleton/scripts/13_plot_nicheformer_umap_by_region.py
code	analysis_script	/mnt/h/vir/ST/13a_prepare_strokeniche_adapter_clean_inputs.py	13a_prepare_strokeniche_adapter_clean_inputs.py	.py	11971	25712517fab9a62c82765befef61e4e895238685cc8cb86de7aa3d1e6a7a072a	github_repo_skeleton/scripts/13a_prepare_strokeniche_adapter_clean_inputs.py
code	analysis_script	/mnt/h/vir/ST/13a_prepare_strokeniche_adapter_inputs.py	13a_prepare_strokeniche_adapter_inputs.py	.py	10785	f2e13c9fc45b01e6618b5d5f72b5325b224d949a0df5ff1828f58ad2f5425303	github_repo_skeleton/scripts/13a_prepare_strokeniche_adapter_inputs.py
code	analysis_script	/mnt/h/vir/ST/13b_plot_nicheformer_umap_by_timepoint.py	13b_plot_nicheformer_umap_by_timepoint.py	.py	8746	7b9b447481a1e19d2b3ea5ec923376d63e16cc5877fb11133b540cef0d5a44aa	github_repo_skeleton/scripts/13b_plot_nicheformer_umap_by_timepoint.py
code	analysis_script	/mnt/h/vir/ST/13b_train_strokeniche_adapter.py	13b_train_strokeniche_adapter.py	.py	23105	5390c019ee29ec4fe496a53b3ebb61689cef39098be20ec41e2b0146711f78ea	github_repo_skeleton/scripts/13b_train_strokeniche_adapter.py
code	analysis_script	/mnt/h/vir/ST/13b_train_strokeniche_adapter_clean.py	13b_train_strokeniche_adapter_clean.py	.py	23111	e94d296fbf3196a2c31a023f3996fb2345c849b3c9e095e107c7871cbfef21f7	github_repo_skeleton/scripts/13b_train_strokeniche_adapter_clean.py
code	analysis_script	/mnt/h/vir/ST/13c_compare_all_methods.py	13c_compare_all_methods.py	.py	2533	1dcb722ac9cd2ab9fbe15f6bbafbc0f73fe22b388d5a222bb58872addebf1829	github_repo_skeleton/scripts/13c_compare_all_methods.py
code	analysis_script	/mnt/h/vir/ST/13c_compare_all_methods_with_clean.py	13c_compare_all_methods_with_clean.py	.py	3121	f61e33d6357d01b37891a3f053cae857a594cd258675d4e4704a460a5e82c7ff	github_repo_skeleton/scripts/13c_compare_all_methods_with_clean.py
code	analysis_script	/mnt/h/vir/ST/13c_plot_nicheformer_umap_by_predicted_celltype.py	13c_plot_nicheformer_umap_by_predicted_celltype.py	.py	8682	b869242ba12238f8dd1e2ab106ec663b14f9bbb409999e1f1235327d738345e0	github_repo_skeleton/scripts/13c_plot_nicheformer_umap_by_predicted_celltype.py
code	analysis_script	/mnt/h/vir/ST/13d_plot_nicheformer_umap_by_RCTD_dominant_celltype.py	13d_plot_nicheformer_umap_by_RCTD_dominant_celltype.py	.py	13744	6ff78971aaa4438a0db482b36babe3e7fe9f1b4026f3bd887d72c18226900c47	github_repo_skeleton/scripts/13d_plot_nicheformer_umap_by_RCTD_dominant_celltype.py
code	analysis_script	/mnt/h/vir/ST/13d_visualize_strokeniche_adapter.py	13d_visualize_strokeniche_adapter.py	.py	2691	31c972bbbf3ed30e14c13a25550ffab11bb903508c4be7378972bf4dc4c3dfa4	github_repo_skeleton/scripts/13d_visualize_strokeniche_adapter.py
code	analysis_script	/mnt/h/vir/ST/13d_visualize_strokeniche_adapter_clean.py	13d_visualize_strokeniche_adapter_clean.py	.py	2941	ffaa214e810a95220ef8a9cc9a2e716ac2319f04d8feaa238e8ffc9dd52b07d1	github_repo_skeleton/scripts/13d_visualize_strokeniche_adapter_clean.py
code	analysis_script	/mnt/h/vir/ST/13e_plot_nicheformer_umap_by_injury_score.py	13e_plot_nicheformer_umap_by_injury_score.py	.py	10097	3b9432747978dbab4d9bb479863bbfe888eac17eca094571f494bf1786401577	github_repo_skeleton/scripts/13e_plot_nicheformer_umap_by_injury_score.py
code	analysis_script	/mnt/h/vir/ST/14_plot_scgpt_umap_by_region_auto.py	14_plot_scgpt_umap_by_region_auto.py	.py	8380	27dc0dfb90e175ad86d6545bca78a8aa6cde1651139d2514ab7b74824a835ea6	github_repo_skeleton/scripts/14_plot_scgpt_umap_by_region_auto.py
code	analysis_script	/mnt/h/vir/ST/15_plot_fig3F_frozen_baseline_summary.py	15_plot_fig3F_frozen_baseline_summary.py	.py	8282	01a5cafbf9d3ce55c009788a14ef640287ce40d1406c7ca950069b319297c493	github_repo_skeleton/scripts/15_plot_fig3F_frozen_baseline_summary.py
code	analysis_script	/mnt/h/vir/ST/16_audit_figure4_benchmark_sources.py	16_audit_figure4_benchmark_sources.py	.py	8817	7f70eee607b6c095ade1c4bc053d493a98575e1c4b41b747597d07f771735ad6	github_repo_skeleton/scripts/16_audit_figure4_benchmark_sources.py
code	analysis_script	/mnt/h/vir/ST/17_plot_fig4A_methods_matrix.py	17_plot_fig4A_methods_matrix.py	.py	7282	4d9b4bef6df6226d278a2a45546c3184e1483d9fceabd40de717adabdc124bd2	github_repo_skeleton/scripts/17_plot_fig4A_methods_matrix.py
code	analysis_script	/mnt/h/vir/ST/18_plot_fig4B_region_benchmark.py	18_plot_fig4B_region_benchmark.py	.py	4800	1b521a2c2f7a87497da4d3552aabf9d323aa67578882249f6e3106878b811a74	github_repo_skeleton/scripts/18_plot_fig4B_region_benchmark.py
code	analysis_script	/mnt/h/vir/ST/19_plot_fig4C_celltype_benchmark.py	19_plot_fig4C_celltype_benchmark.py	.py	3596	a525207185690f755a46f1df755136ccd2c41385bd582bbf4987d3bd4daae318	github_repo_skeleton/scripts/19_plot_fig4C_celltype_benchmark.py
code	analysis_script	/mnt/h/vir/ST/20_plot_fig4D_neighborhood_benchmark.py	20_plot_fig4D_neighborhood_benchmark.py	.py	5570	32c6efb6efc5b6e9fa9a1bc558ffab05f23ff2a21fecce64629a3e2136bc1564	github_repo_skeleton/scripts/20_plot_fig4D_neighborhood_benchmark.py
code	analysis_script	/mnt/h/vir/ST/21_plot_fig4E_ablation_study.py	21_plot_fig4E_ablation_study.py	.py	3961	1f18855a3df0292d0ea78d17df6d21c1d19cbe6bf3b602b7e28b9f430470f058	github_repo_skeleton/scripts/21_plot_fig4E_ablation_study.py
code	analysis_script	/mnt/h/vir/ST/22_plot_fig4F_confusion_matrix.py	22_plot_fig4F_confusion_matrix.py	.py	2587	f4c3a86de93fdaa712412a351ef85ef575b49b417981cd5dfa62dfd85ae6e2ac	github_repo_skeleton/scripts/22_plot_fig4F_confusion_matrix.py
code	analysis_script	/mnt/h/vir/ST/23_prepare_strokeniche_ablation_inputs.py	23_prepare_strokeniche_ablation_inputs.py	.py	3756	248625f9eb3319574ff5906c9d3ea1f532d25d09a159ab202a74d7a3b6c88828	github_repo_skeleton/scripts/23_prepare_strokeniche_ablation_inputs.py
code	analysis_script	/mnt/h/vir/ST/24_run_strokeniche_ablation_variants.py	24_run_strokeniche_ablation_variants.py	.py	4879	98d9ccfdbf9dff39ecd7c0fd84378b478f09ded4fc8fc0fc263e0e24c2f57eea	github_repo_skeleton/scripts/24_run_strokeniche_ablation_variants.py
code	analysis_script	/mnt/h/vir/ST/25_collect_strokeniche_ablation_summary.py	25_collect_strokeniche_ablation_summary.py	.py	3653	790133b0a528bc099e007f46a4e19dfa1ab202311da8284e3b9ea8dfdf52e792	github_repo_skeleton/scripts/25_collect_strokeniche_ablation_summary.py
code	analysis_script	/mnt/h/vir/ST/26_audit_figure5_trajectory_sources.py	26_audit_figure5_trajectory_sources.py	.py	8124	92ed6963de1596233d9febe49dab0eaa37adaae424202c374e9ad0cf15abab2c	github_repo_skeleton/scripts/26_audit_figure5_trajectory_sources.py
code	analysis_script	/mnt/h/vir/ST/27_plot_figure5_trajectory_panels.py	27_plot_figure5_trajectory_panels.py	.py	15046	301047871f92cf743c78c5ab533cafa65afeedaa4a19b94ea8ecff36afd45702	github_repo_skeleton/scripts/27_plot_figure5_trajectory_panels.py
code	analysis_script	/mnt/h/vir/ST/28_audit_figure6_regulator_sources.py	28_audit_figure6_regulator_sources.py	.py	10201	59bad9d8deb9c0a0e08e5c8c996070c1ebbfd65b3141aa84f153abf30d5a6b67	github_repo_skeleton/scripts/28_audit_figure6_regulator_sources.py
code	analysis_script	/mnt/h/vir/ST/28_plot_extended_data_fig5_2_score_defined_states.py	28_plot_extended_data_fig5_2_score_defined_states.py	.py	16942	6ff8641cfc94b69ce83013eec2ea51da423956d771acb700089a2911023b4366	github_repo_skeleton/scripts/28_plot_extended_data_fig5_2_score_defined_states.py
code	analysis_script	/mnt/h/vir/ST/29_plot_figure6_regulator_communication_panels.py	29_plot_figure6_regulator_communication_panels.py	.py	27997	6a854e7d8ff52402d7d897d8597c89dfea0d104ed3a1aa98f683ca753aa94bfe	github_repo_skeleton/scripts/29_plot_figure6_regulator_communication_panels.py
code	analysis_script	/mnt/h/vir/ST/29b_plot_fig6B_cell_cell_communication_network.py	29b_plot_fig6B_cell_cell_communication_network.py	.py	22366	135cc88c121d81c3884059431642bd15c8643901dd6e180c6aced13df33c892e	github_repo_skeleton/scripts/29b_plot_fig6B_cell_cell_communication_network.py
code	analysis_script	/mnt/h/vir/ST/30_plot_fig6B_cell_cell_communication_network_nature.py	30_plot_fig6B_cell_cell_communication_network_nature.py	.py	14132	e5dadc668eabbd8e9ae8ef996f27cce5ffd53104d160695f6bbb3b3c34a85f36	github_repo_skeleton/scripts/30_plot_fig6B_cell_cell_communication_network_nature.py
code	analysis_script	/mnt/h/vir/ST/31_plot_fig6B_polished_main_and_extended.py	31_plot_fig6B_polished_main_and_extended.py	.py	15509	9fba9343bfc18923029f75134da651a9be5f1cbb30e0c78e560d8dedd31b992d	github_repo_skeleton/scripts/31_plot_fig6B_polished_main_and_extended.py
code	analysis_script	/mnt/h/vir/ST/32_plot_fig6B_main_text_final_no_overlap.py	32_plot_fig6B_main_text_final_no_overlap.py	.py	15765	97bb95774b242e2951cc6e5f902529473c79af5192a84ddf9673cab5ff2649e3	github_repo_skeleton/scripts/32_plot_fig6B_main_text_final_no_overlap.py
code	analysis_script	/mnt/h/vir/ST/33_plot_fig6CDEF_revised.py	33_plot_fig6CDEF_revised.py	.py	22068	ab141cd7fbc3b14b10c87831b9070a64a84851c6308b98a9fe2af342fec2ce6f	github_repo_skeleton/scripts/33_plot_fig6CDEF_revised.py
code	analysis_script	/mnt/h/vir/ST/34_plot_fig6CDEF_revised_final.py	34_plot_fig6CDEF_revised_final.py	.py	23401	6da82001b75d8adfdb5caca3ea961d665461b1ea055dfeefa735090bea676b7d	github_repo_skeleton/scripts/34_plot_fig6CDEF_revised_final.py
code	analysis_script	/mnt/h/vir/ST/35_plot_fig6A_E_polished_final.py	35_plot_fig6A_E_polished_final.py	.py	15263	ec7138436682cb4f98ea09f73acd728aa18b0fc4ebbc794ef11949cf716279e5	github_repo_skeleton/scripts/35_plot_fig6A_E_polished_final.py
code	analysis_script	/mnt/h/vir/ST/36_prepare_strokeniche_perturb_inputs.py	36_prepare_strokeniche_perturb_inputs.py	.py	30160	ba374bf11c8c287743b7e40f86c278b840718a61ef0af44df3fc961e3f1d60c4	github_repo_skeleton/scripts/36_prepare_strokeniche_perturb_inputs.py
code	analysis_script	/mnt/h/vir/ST/37_train_strokeniche_perturb_adapter.py	37_train_strokeniche_perturb_adapter.py	.py	40414	c9d7cf5c3a15cd84134ab135a1267d809d6b87c6294f3dadf207d254f3206891	github_repo_skeleton/scripts/37_train_strokeniche_perturb_adapter.py
code	analysis_script	/mnt/h/vir/ST/37_train_strokeniche_perturb_adapter_calibrated_before_strict_fraction.py	37_train_strokeniche_perturb_adapter_calibrated_before_strict_fraction.py	.py	39780	91b8feb6864986797f9e1146003103f38a1c72a64eda174f802aaf9dffa2b9d3	github_repo_skeleton/scripts/37_train_strokeniche_perturb_adapter_calibrated_before_strict_fraction.py
code	analysis_script	/mnt/h/vir/ST/37_train_strokeniche_perturb_adapter_original_unbounded.py	37_train_strokeniche_perturb_adapter_original_unbounded.py	.py	37781	c05d0890a2a0c2103a78c1d971bd4319dcad68eb3ee5a06eabc3bcf0bf039823	github_repo_skeleton/scripts/37_train_strokeniche_perturb_adapter_original_unbounded.py
code	analysis_script	/mnt/h/vir/ST/37b_boundary_graph_loss_ablation.py	37b_boundary_graph_loss_ablation.py	.py	32969	6b95a410e4b471006bfc9d90da35d3d870aef1b2e2d1eaf3c423b7c23d9665da	github_repo_skeleton/scripts/37b_boundary_graph_loss_ablation.py
code	analysis_script	/mnt/h/vir/ST/37c_run_all_variant_training_ablation.py	37c_run_all_variant_training_ablation.py	.py	17977	0879e4984479f144c2b681f5cce45670c8de4e115699b2ce509253aadd6f73e1	github_repo_skeleton/scripts/37c_run_all_variant_training_ablation.py
code	analysis_script	/mnt/h/vir/ST/37c_train_perturb_adapter_with_boundary_graph_loss.py	37c_train_perturb_adapter_with_boundary_graph_loss.py	.py	31009	0a8a3569adc6e4499861b32dfc0d820ca67ce03bb3629c449be04c6ed94c8f30	github_repo_skeleton/scripts/37c_train_perturb_adapter_with_boundary_graph_loss.py
code	analysis_script	/mnt/h/vir/ST/38_plot_strokeniche_perturbmap.py	38_plot_strokeniche_perturbmap.py	.py	12572	24de96a0ba5c7f7fec2566af78c9af1c47bd6eb878bfc6b3d454eb2ec8cb967c	github_repo_skeleton/scripts/38_plot_strokeniche_perturbmap.py
code	analysis_script	/mnt/h/vir/ST/38b_polish_strokeniche_perturbmap_fig7AF.py	38b_polish_strokeniche_perturbmap_fig7AF.py	.py	14432	dfd5afb632061788b11979642f9e6187d70c7d6c51ccc4d7feed50c8f132a53e	github_repo_skeleton/scripts/38b_polish_strokeniche_perturbmap_fig7AF.py
code	analysis_script	/mnt/h/vir/ST/39_add_perturbmap_specificity_and_drug_mapping.py	39_add_perturbmap_specificity_and_drug_mapping.py	.py	39726	2feeb0dff2d39223030053ca8913619d2d9d27cd77d2c414e6278928e5ef2113	github_repo_skeleton/scripts/39_add_perturbmap_specificity_and_drug_mapping.py
code	analysis_script	/mnt/h/vir/ST/40_add_neighbor_shift_distance.py	40_add_neighbor_shift_distance.py	.py	37369	178db6597ca1dc25501fcf8fe5defe18bd36714ae6e160b062c835aa8bf61263	github_repo_skeleton/scripts/40_add_neighbor_shift_distance.py
code	analysis_script	/mnt/h/vir/ST/41_cmap_lincs_signature_reversal.py	41_cmap_lincs_signature_reversal.py	.py	47280	eec201c8a50c67344f480286c4fa511175e0091b8e13cbe4268dc5b89658a693	github_repo_skeleton/scripts/41_cmap_lincs_signature_reversal.py
code	analysis_script	/mnt/h/vir/ST/41c_prepare_lincs2020_compact_long.py	41c_prepare_lincs2020_compact_long.py	.py	11885	27ec77e2f5499d97155cd8e37d7c8c25dc22b3f2eed1fd925dffc62b447b03ab	github_repo_skeleton/scripts/41c_prepare_lincs2020_compact_long.py
code	analysis_script	/mnt/h/vir/ST/41e_real_lincs_drug_reversal_from_standardized_long.py	41e_real_lincs_drug_reversal_from_standardized_long.py	.py	16120	6e9b88e7a3ed3e3068ff48b631800fc56035945b64fa889f95cf2a22e5404747	github_repo_skeleton/scripts/41e_real_lincs_drug_reversal_from_standardized_long.py
code	analysis_script	/mnt/h/vir/ST/43_integrate_drug_knowledge_for_perturbmap.py	43_integrate_drug_knowledge_for_perturbmap.py	.py	35464	ca970e790abd1b00a3e1b731151924d221772078eb76e7f24566438328d8d2c6	github_repo_skeleton/scripts/43_integrate_drug_knowledge_for_perturbmap.py
code	analysis_script	/mnt/h/vir/ST/44_refine_strokeniche_drug_priority.py	44_refine_strokeniche_drug_priority.py	.py	42830	323fc6cf2f446badf0dbef73f9c971ded7b71485d03fc155d4a20a37fb34492b	github_repo_skeleton/scripts/44_refine_strokeniche_drug_priority.py
code	analysis_script	/mnt/h/vir/ST/44b_fix_lincs_refined_knowledge_annotations.py	44b_fix_lincs_refined_knowledge_annotations.py	.py	24573	0b9e3e35a1a64e1111c79abb91bef8226017ff5bfff6e8c9dea723e53c6dc1b5	github_repo_skeleton/scripts/44b_fix_lincs_refined_knowledge_annotations.py
code	analysis_script	/mnt/h/vir/ST/45_audit_finalize_lincs_strokeniche_prioritization.py	45_audit_finalize_lincs_strokeniche_prioritization.py	.py	33853	ee700eabedd8cdc25841d85338385f50c047a304431b2ffbb726caf6cc744cbf	github_repo_skeleton/scripts/45_audit_finalize_lincs_strokeniche_prioritization.py
code	analysis_script	/mnt/h/vir/ST/46_standardize_41_candidate_for_44_45.py	46_standardize_41_candidate_for_44_45.py	.py	9535	d2ea540937a8e772f74fd90e05ab0397a434b8bb16270e91a692c1b9b1b3d704	github_repo_skeleton/scripts/46_standardize_41_candidate_for_44_45.py
code	analysis_script	/mnt/h/vir/ST/46b_standardize_41_candidate_for_44_47.py	46b_standardize_41_candidate_for_44_47.py	.py	8125	0cf648652bb0865a28488dc52169386789714808cdb84318f7f0863a971abb15	github_repo_skeleton/scripts/46b_standardize_41_candidate_for_44_47.py
code	analysis_script	/mnt/h/vir/ST/47_finalize_real_lincs_knowledge_after_44b.py	47_finalize_real_lincs_knowledge_after_44b.py	.py	17138	a455edfcd3e84db48c38e72228cbe7a7e99e1c3f1195b69da895e18bc81e2f7e	github_repo_skeleton/scripts/47_finalize_real_lincs_knowledge_after_44b.py
code	analysis_script	/mnt/h/vir/ST/48_mechanism_group_top50_lincs_candidates.py	48_mechanism_group_top50_lincs_candidates.py	.py	13261	579eaaf55bf9b6b16a91a7c9abb056dc9fbd8f0f291db170f61b8e090d5cba39	github_repo_skeleton/scripts/48_mechanism_group_top50_lincs_candidates.py
code	analysis_script	/mnt/h/vir/ST/48b_fix_mechanism_group_overrides.py	48b_fix_mechanism_group_overrides.py	.py	16860	f9c0723d4e51df8c0a9f19b43c1428a81e804635f4b87d79c2ef0ae211fcce55	github_repo_skeleton/scripts/48b_fix_mechanism_group_overrides.py
code	analysis_script	/mnt/h/vir/ST/49a_weighted_final_score_after_44b.py	49a_weighted_final_score_after_44b.py	.py	8935	a995d5f9a54e802894f82b5c24bae88ef4e09ed72f245d2733ad78f38b2c5767	github_repo_skeleton/scripts/49a_weighted_final_score_after_44b.py
code	analysis_script	/mnt/h/vir/ST/49b_collect_sensitivity_stability.py	49b_collect_sensitivity_stability.py	.py	6787	41de028e2758999ad4424adfb7f1be24a53e024b6ac7cb54353b52b0bba51c0d	github_repo_skeleton/scripts/49b_collect_sensitivity_stability.py
code	analysis_script	/mnt/h/vir/ST/50_enrich_bbb_smiles_structures.py	50_enrich_bbb_smiles_structures.py	.py	38941	a9cb10bdeb2e60cd83c527bef04b3ca1dc2c2916c1d4ccfb4578940ca70c424f	github_repo_skeleton/scripts/50_enrich_bbb_smiles_structures.py
code	analysis_script	/mnt/h/vir/ST/50b_fix_bbb_consensus_conflicts.py	50b_fix_bbb_consensus_conflicts.py	.py	16441	020ed0124329de96051774799903e8f8378592a91a5ee39fbf5b0addbb0c380f	github_repo_skeleton/scripts/50b_fix_bbb_consensus_conflicts.py
code	analysis_script	/mnt/h/vir/ST/51_prepare_real_external_lincs_cmap_long.py	51_prepare_real_external_lincs_cmap_long.py	.py	8915	9b633faa5c2501bb871d47a7b567d4b2a9be45a246b10aa086a07b2c8df97294	github_repo_skeleton/scripts/51_prepare_real_external_lincs_cmap_long.py
code	analysis_script	/mnt/h/vir/ST/52_recompute_final_priority_with_bbb_consensus.py	52_recompute_final_priority_with_bbb_consensus.py	.py	25645	f822c5e5f0b6d66a44ac8c10cac51ff6b9525590ce37af9e1c0a7e4ef5b0eefd	github_repo_skeleton/scripts/52_recompute_final_priority_with_bbb_consensus.py
code	analysis_script	/mnt/h/vir/ST/53_add_neighbor_shift_distance_proxy.py	53_add_neighbor_shift_distance_proxy.py	.py	42061	b5cd59c1b3b9bb549d9a9a0ef95d87186011e6ac84789ced0595f7ee94944d37	github_repo_skeleton/scripts/53_add_neighbor_shift_distance_proxy.py
code	analysis_script	/mnt/h/vir/ST/53b_prepare_coordinate_metadata_for_virtual_cells_v2.py	53b_prepare_coordinate_metadata_for_virtual_cells_v2.py	.py	6121	e1c3e4bce16bea0db0289b504d61d935c45c535dbd78340284f9385670799c89	github_repo_skeleton/scripts/53b_prepare_coordinate_metadata_for_virtual_cells_v2.py
code	analysis_script	/mnt/h/vir/ST/53b_rebuild_virtual_knn_neighbor_profile.py	53b_rebuild_virtual_knn_neighbor_profile.py	.py	47315	57d210bce2b57969105d891aa42ba75517ef0f27e1f838189eaee95144fdafe5	github_repo_skeleton/scripts/53b_rebuild_virtual_knn_neighbor_profile.py
code	analysis_script	/mnt/h/vir/ST/53c_add_RCTD_composition_to_knn_neighbor_profile.py	53c_add_RCTD_composition_to_knn_neighbor_profile.py	.py	29068	a9db0df79eb61b15ec3c7e0f1df151aec824dd26da889f28605ed558599e4dc4	github_repo_skeleton/scripts/53c_add_RCTD_composition_to_knn_neighbor_profile.py
code	analysis_script	/mnt/h/vir/ST/54_train_neural_neighbor_head.py	54_train_neural_neighbor_head.py	.py	35689	8f03ae5ebc68d64aaeff23d2c38bb8d950599eea62baf2e34da5a3b3e6bdc1ba	github_repo_skeleton/scripts/54_train_neural_neighbor_head.py
code	analysis_script	/mnt/h/vir/ST/54a_prepare_adapter_latent_for_neighbor_head.py	54a_prepare_adapter_latent_for_neighbor_head.py	.py	12303	8616916a631d06ac399c66a221fcfd92b6abe7fd7eae61796e06dfa0d261d090	github_repo_skeleton/scripts/54a_prepare_adapter_latent_for_neighbor_head.py
code	analysis_script	/mnt/h/vir/ST/54a_prepare_adapter_latent_for_neighbor_head_v2.py	54a_prepare_adapter_latent_for_neighbor_head_v2.py	.py	13554	8da93ecc62aa80242514a53b865bc3e094eae1f3ab2a15bbb5c90ba875314a57	github_repo_skeleton/scripts/54a_prepare_adapter_latent_for_neighbor_head_v2.py
code	analysis_script	/mnt/h/vir/ST/54a_true_export_adapter_latent_from_checkpoint.py	54a_true_export_adapter_latent_from_checkpoint.py	.py	20702	24569f109d2abe17d997c2c45a1ae7efe89f4282d13b3a6d8640402cbf735478	github_repo_skeleton/scripts/54a_true_export_adapter_latent_from_checkpoint.py
code	analysis_script	/mnt/h/vir/ST/54a_true_export_adapter_latent_from_checkpoint_v2.py	54a_true_export_adapter_latent_from_checkpoint_v2.py	.py	18053	b2d739be8b086cc6a1621a736f1d9f3b38f764ab9e0513dc63704175db29d599	github_repo_skeleton/scripts/54a_true_export_adapter_latent_from_checkpoint_v2.py
code	analysis_script	/mnt/h/vir/ST/54a_v3_build_clean_adapter_output_state_for_neighbor_head.py	54a_v3_build_clean_adapter_output_state_for_neighbor_head.py	.py	4441	285069620c2eb0bd049f69fe16514af36efbfbb4f5675e223251462840800741	github_repo_skeleton/scripts/54a_v3_build_clean_adapter_output_state_for_neighbor_head.py
code	analysis_script	/mnt/h/vir/ST/54b_apply_neighbor_head_to_perturbed_latents.py	54b_apply_neighbor_head_to_perturbed_latents.py	.py	40607	c32902ddde8245f3054e4b01c09b6e50ef53877ab0ee9a008b5ae89223412469	github_repo_skeleton/scripts/54b_apply_neighbor_head_to_perturbed_latents.py
code	analysis_script	/mnt/h/vir/ST/54c_compare_neighbor_head_clean_vs_true_z.py	54c_compare_neighbor_head_clean_vs_true_z.py	.py	12222	6fda9ff7b01645f7e465e15ca7d1dc51c061b9438d513603db1eac4a05e9d593	github_repo_skeleton/scripts/54c_compare_neighbor_head_clean_vs_true_z.py
code	analysis_script	/mnt/h/vir/ST/54c_compare_neighbor_head_clean_vs_true_z_no_tabulate.py	54c_compare_neighbor_head_clean_vs_true_z_no_tabulate.py	.py	12216	a2a375545a40d054ac1eac35f5c0b162d98442f4dc6ddcabee6dbc9bbda0fa63	github_repo_skeleton/scripts/54c_compare_neighbor_head_clean_vs_true_z_no_tabulate.py
code	analysis_script	/mnt/h/vir/ST/54d54e_routeA_neighbor64_train_and_apply.py	54d54e_routeA_neighbor64_train_and_apply.py	.py	18303	b914f790d69abe87b516cb8b0d60bef39a7d81c52c951782a2cb30b9a9d2fdc1	github_repo_skeleton/scripts/54d54e_routeA_neighbor64_train_and_apply.py
code	analysis_script	/mnt/h/vir/ST/55_routeB_train_perturb_adapter_true_z128.py	55_routeB_train_perturb_adapter_true_z128.py	.py	15665	d460d5ddfd6e8851cd19e89de9f8923bfd4903d9aadaf4d83a84a81da941b7ef	github_repo_skeleton/scripts/55_routeB_train_perturb_adapter_true_z128.py
code	analysis_script	/mnt/h/vir/ST/56_check_neighbor_profile_and_final52_bridge_status.py	56_check_neighbor_profile_and_final52_bridge_status.py	.py	6354	ee50d3299925cb3c50685ee62a2499c89323dde82f693830d5a01836e68117bf	github_repo_skeleton/scripts/56_check_neighbor_profile_and_final52_bridge_status.py
code	analysis_script	/mnt/h/vir/ST/56b_bridge_neighbor_shift_to_final52_drug_level.py	56b_bridge_neighbor_shift_to_final52_drug_level.py	.py	16452	f925e2b02c8445a685bd9283bfd7a47acf54fa8b05a3e4fda6e4cfcdc0493769	github_repo_skeleton/scripts/56b_bridge_neighbor_shift_to_final52_drug_level.py
code	analysis_script	/mnt/h/vir/ST/56c_drug_target_routeB_neighbor_bridge.py	56c_drug_target_routeB_neighbor_bridge.py	.py	18759	057642984097db26dbc6c4345e42e3fd67e3acb7f9823704da88bdca7566413c	github_repo_skeleton/scripts/56c_drug_target_routeB_neighbor_bridge.py
code	analysis_script	/mnt/h/vir/ST/56d_audit_routeB_drugtarget_bridge.py	56d_audit_routeB_drugtarget_bridge.py	.py	5714	c649642f3c57037030e784866aca63a22e632395ed7d2d30d6f7775f28a97464	github_repo_skeleton/scripts/56d_audit_routeB_drugtarget_bridge.py
code	analysis_script	/mnt/h/vir/ST/56e_clean_routeB_drugtarget_shortlist.py	56e_clean_routeB_drugtarget_shortlist.py	.py	5296	b3e97356183ff6c36a39b8d8e359e1b331a449a0399d55b0984b6079c089c9a2	github_repo_skeleton/scripts/56e_clean_routeB_drugtarget_shortlist.py
code	analysis_script	/mnt/h/vir/ST/57_train_perturb_adapter_true_z128_with_domain_loss.py	57_train_perturb_adapter_true_z128_with_domain_loss.py	.py	25190	b6c073a2d0fdf55fe86acff83fd3cf77067de13fae1161bec8dc7df75f98c3b9	github_repo_skeleton/scripts/57_train_perturb_adapter_true_z128_with_domain_loss.py
code	analysis_script	/mnt/h/vir/ST/57b_compare_Ldomain_variants.py	57b_compare_Ldomain_variants.py	.py	5322	268a9b24f72f669c6543cea8dd7e0ea96e8a1458d40c51e4b8e38ddda3d22222	github_repo_skeleton/scripts/57b_compare_Ldomain_variants.py
code	analysis_script	/mnt/h/vir/ST/59_stroke_specific_mini_cmap_virtual_perturbation_map.py	59_stroke_specific_mini_cmap_virtual_perturbation_map.py	.py	30071	f472692af35c4c4fb996854b65306ee86447b9c09fe3eee81bde32763e59c854	github_repo_skeleton/scripts/59_stroke_specific_mini_cmap_virtual_perturbation_map.py
code	analysis_script	/mnt/h/vir/ST/59b_compare_mini_cmap_sensitivity.py	59b_compare_mini_cmap_sensitivity.py	.py	2540	eacc3930d5492dbf105465f795988f99a6cf16ed943dea3ea8efa77bb2b7e0da	github_repo_skeleton/scripts/59b_compare_mini_cmap_sensitivity.py
code	analysis_script	/mnt/h/vir/ST/60_cleaned_mini_cmap_shortlist_manuscript_ready.py	60_cleaned_mini_cmap_shortlist_manuscript_ready.py	.py	15606	ef9e3ee988b1e824311d05f8d0a21304100f852f909ec0d809dad275b741d8fa	github_repo_skeleton/scripts/60_cleaned_mini_cmap_shortlist_manuscript_ready.py
code	analysis_script	/mnt/h/vir/ST/60_plot_fig7_strokeniche_perturbmap.py	60_plot_fig7_strokeniche_perturbmap.py	.py	34018	c1d6ae4b4bd13d42beea4855d7c95ba5c3cc466706784fb160802d28fc1a2d24	github_repo_skeleton/scripts/60_plot_fig7_strokeniche_perturbmap.py
code	analysis_script	/mnt/h/vir/ST/60b_plot_fig7_strokeniche_perturbmap_nature_polished.py	60b_plot_fig7_strokeniche_perturbmap_nature_polished.py	.py	46409	155761a6d3b8155892792647c1ff2016329e135da32a43fe8668058b8e112068	github_repo_skeleton/scripts/60b_plot_fig7_strokeniche_perturbmap_nature_polished.py
code	analysis_script	/mnt/h/vir/ST/60c_export_true_strokeniche_umap_coordinates.py	60c_export_true_strokeniche_umap_coordinates.py	.py	10771	83dbb8f38494928f07e19eb9bf9e534c6baa75e599effd0cf5e3d72272be34bf	github_repo_skeleton/scripts/60c_export_true_strokeniche_umap_coordinates.py
code	analysis_script	/mnt/h/vir/ST/60d_plot_fig7_polished_v2_fixed_umap.py	60d_plot_fig7_polished_v2_fixed_umap.py	.py	14595	5c7263e8935b0ac74ef527678f9a27f924f1c2204a736dc26e7292d431fa43fa	github_repo_skeleton/scripts/60d_plot_fig7_polished_v2_fixed_umap.py
code	analysis_script	/mnt/h/vir/ST/60e_plot_fig7_polished_v3_icons_clean.py	60e_plot_fig7_polished_v3_icons_clean.py	.py	19381	99b0d088445e11fbe3a3069e05ad96bff2f2c703884f94cf6b5fa6d7fc9fec22	github_repo_skeleton/scripts/60e_plot_fig7_polished_v3_icons_clean.py
code	analysis_script	/mnt/h/vir/ST/61_strokeniche_nicheperturb_map.py	61_strokeniche_nicheperturb_map.py	.py	40134	9e6a70990061cc44fb5d64f8dfe81154c1cd9cbacc249d6aec254feea7ed65d7	github_repo_skeleton/scripts/61_strokeniche_nicheperturb_map.py
code	analysis_script	/mnt/h/vir/ST/61b_plot_fig8_nicheperturb.py	61b_plot_fig8_nicheperturb.py	.py	15528	772122a428c3086414c7caf631c2ea41f5bda73125a8122ccf2ada33205c578f	github_repo_skeleton/scripts/61b_plot_fig8_nicheperturb.py
code	analysis_script	/mnt/h/vir/ST/61c_fix_nicheperturb_state_groups_and_vectors.py	61c_fix_nicheperturb_state_groups_and_vectors.py	.py	15700	2ee3f6ccc29329dfb956093f9d69673a73bd624ea20964e62c8dc05ed196a3f4	github_repo_skeleton/scripts/61c_fix_nicheperturb_state_groups_and_vectors.py
code	analysis_script	/mnt/h/vir/ST/61d_harmonize_nicheperturb_umap_obs_names.py	61d_harmonize_nicheperturb_umap_obs_names.py	.py	25906	a2e536276ffc6cf03a1b2c2403b1657e18b032a91c7f8643a6b7369d0dc6e967	github_repo_skeleton/scripts/61d_harmonize_nicheperturb_umap_obs_names.py
code	analysis_script	/mnt/h/vir/ST/61d_v2_strict_fig5_umap_nicheperturb.py	61d_v2_strict_fig5_umap_nicheperturb.py	.py	28794	cda5e1ba21144bcf0823cd65ada61be7efbbbe7e3d2e54d700497664785474c0	github_repo_skeleton/scripts/61d_v2_strict_fig5_umap_nicheperturb.py
code	analysis_script	/mnt/h/vir/ST/61d_v3_strict_fig5_umap_direct_merge.py	61d_v3_strict_fig5_umap_direct_merge.py	.py	33323	79051538deb38b90ef3d796914f5f45c8a4a36164c66213ebe37e32d8c3ee44d	github_repo_skeleton/scripts/61d_v3_strict_fig5_umap_direct_merge.py
code	analysis_script	/mnt/h/vir/ST/62_continuous_time_latent_trajectory.py	62_continuous_time_latent_trajectory.py	.py	32050	27507819571e130e54b2c38b8765c2c9a10f5740dd13f2a2cc25850cc9d4f992	github_repo_skeleton/scripts/62_continuous_time_latent_trajectory.py
code	analysis_script	/mnt/h/vir/ST/62_heldout_timepoint_generalization.py	62_heldout_timepoint_generalization.py	.py	47473	45d55a0b6d1852ba3cfa73284a465bab3649ad013a61fa296f3cffc13a6ae424	github_repo_skeleton/scripts/62_heldout_timepoint_generalization.py
code	analysis_script	/mnt/h/vir/ST/62b_clean_neighbor_celltype_target_metrics.py	62b_clean_neighbor_celltype_target_metrics.py	.py	33352	e8e9342ee56a1df89cbb89aecbb4f5aef78569893c1afe1d07957af9214733f3	github_repo_skeleton/scripts/62b_clean_neighbor_celltype_target_metrics.py
code	analysis_script	/mnt/h/vir/ST/62c_neighbor_composition_skill_and_sample_audit.py	62c_neighbor_composition_skill_and_sample_audit.py	.py	36258	51c9c718b8c3a282d774ec79160fc9c7c75dc7c28884830c57071cb3ef72a7fb	github_repo_skeleton/scripts/62c_neighbor_composition_skill_and_sample_audit.py
code	analysis_script	/mnt/h/vir/ST/62d_sample_audit_fix.py	62d_sample_audit_fix.py	.py	20967	21022d2d44668ca4a4b17acbc26c8a8aa118f4252d5be692fbb68a76f4f20361	github_repo_skeleton/scripts/62d_sample_audit_fix.py
code	analysis_script	/mnt/h/vir/ST/63_mechanism_aware_ablation_summary.py	63_mechanism_aware_ablation_summary.py	.py	46401	0ede05047a49b07921324b3ae3b8cb5b843eef9c25b10ba752c023dace9a2465	github_repo_skeleton/scripts/63_mechanism_aware_ablation_summary.py
code	analysis_script	/mnt/h/vir/ST/63b_fill_missing_ablation_readouts.py	63b_fill_missing_ablation_readouts.py	.py	40278	ea84f2d79426ce8ae8aef7515bc6b58cfe6ff4d902fd23e251064f155e70f6af	github_repo_skeleton/scripts/63b_fill_missing_ablation_readouts.py
code	analysis_script	/mnt/h/vir/ST/63c_recompute_no_neighbor_loss_no_target_leakage.py	63c_recompute_no_neighbor_loss_no_target_leakage.py	.py	27639	666df019212246f7e979b869e88b8cf6f91e7b75fa0c20d118e3c5016fcb315c	github_repo_skeleton/scripts/63c_recompute_no_neighbor_loss_no_target_leakage.py
code	analysis_script	/mnt/h/vir/ST/63d_ablation_diagnostic_audit.py	63d_ablation_diagnostic_audit.py	.py	49215	e99793f48a2b3c01b1b9aff4594508cf3985584cee2047e629b65e88aa766c06	github_repo_skeleton/scripts/63d_ablation_diagnostic_audit.py
code	analysis_script	/mnt/h/vir/ST/64_strokeniche_dynamics_graph_track_reconstruction.py	64_strokeniche_dynamics_graph_track_reconstruction.py	.py	60411	87c746cef2ffa47858c5f299bf33b5c8b6f4106979ee5af620032be6ca40b585	github_repo_skeleton/scripts/64_strokeniche_dynamics_graph_track_reconstruction.py
code	analysis_script	/mnt/h/vir/ST/64b_fix_region_probabilities_and_replot_dynamics_graph.py	64b_fix_region_probabilities_and_replot_dynamics_graph.py	.py	40724	169098d207f761bb7d1c54f8226fab3d2c64ba88c20ae0d6e6ede3510282f581	github_repo_skeleton/scripts/64b_fix_region_probabilities_and_replot_dynamics_graph.py
code	analysis_script	/mnt/h/vir/ST/64c_refine_track_labels.py	64c_refine_track_labels.py	.py	43873	a38eaee96512414f43143f09ac01c365f0eec0a6a65a12675ca99c5476ef1615	github_repo_skeleton/scripts/64c_refine_track_labels.py
code	analysis_script	/mnt/h/vir/ST/65_track_dynamic_marker_regulator_network.py	65_track_dynamic_marker_regulator_network.py	.py	51142	1dbf7de4a19973d015463a361cc82eebe8803816826fddc4bc96ce63047b7ac7	github_repo_skeleton/scripts/65_track_dynamic_marker_regulator_network.py
code	analysis_script	/mnt/h/vir/ST/65b_auto_find_expr_regulator_and_run_gene_level.py	65b_auto_find_expr_regulator_and_run_gene_level.py	.py	35518	b2f25a1011947cac22bc6652c7b1fa4718441e7bc21074c53b25b0d29869300c	github_repo_skeleton/scripts/65b_auto_find_expr_regulator_and_run_gene_level.py
code	analysis_script	/mnt/h/vir/ST/65c_clean_stroke_relevant_externaldb_step65.py	65c_clean_stroke_relevant_externaldb_step65.py	.py	32225	385ff5f70e1e50a85bcf70da7f1aa8eed408c7466e015953509ae76a4eacbab4	github_repo_skeleton/scripts/65c_clean_stroke_relevant_externaldb_step65.py
code	analysis_script	/mnt/h/vir/ST/65d_encode_chipseq_gmt_supplement.py	65d_encode_chipseq_gmt_supplement.py	.py	6478	9e078501b330c33cf549e9cd800ceeb6521e612d7b0376bb8e564a675f6bbbc8	github_repo_skeleton/scripts/65d_encode_chipseq_gmt_supplement.py
code	analysis_script	/mnt/h/vir/ST/65e_housekeeping_filter_encode_chipseq_supplement.py	65e_housekeeping_filter_encode_chipseq_supplement.py	.py	28760	e0aeb286c008ee3355a77d822ad86585d3eae91d1197e0b210825afcaef3bae4	github_repo_skeleton/scripts/65e_housekeeping_filter_encode_chipseq_supplement.py
code	analysis_script	/mnt/h/vir/ST/66_track_level_perturbation_score_fdr.py	66_track_level_perturbation_score_fdr.py	.py	54630	e18fc6093cce246fd9f2dd2fd0b426b0d697304c7235e5cbb8d4d8d7e1d45e27	github_repo_skeleton/scripts/66_track_level_perturbation_score_fdr.py
code	analysis_script	/mnt/h/vir/ST/66b_strict_clean_track_perturbation_fdr.py	66b_strict_clean_track_perturbation_fdr.py	.py	64057	094897e81ae4caefadf2a5d08df1139c246d64f56589f5b74deeba0aed852b33	github_repo_skeleton/scripts/66b_strict_clean_track_perturbation_fdr.py
code	analysis_script	/mnt/h/vir/ST/66c_celllevel_periremote_module_target_fdr.py	66c_celllevel_periremote_module_target_fdr.py	.py	57077	0364465889aca700dbe15622d05cc3bb263976506061a77a501676c02cac3681	github_repo_skeleton/scripts/66c_celllevel_periremote_module_target_fdr.py
code	analysis_script	/mnt/h/vir/ST/66d_true_periremote_probability_patch_and_rerun66c.py	66d_true_periremote_probability_patch_and_rerun66c.py	.py	37197	a8a4e48561f36f4da572455a84edaca89195e41963921fd166b71f9ccff82859	github_repo_skeleton/scripts/66d_true_periremote_probability_patch_and_rerun66c.py
code	analysis_script	/mnt/h/vir/ST/66e_probability_simplex_patch_and_rerun66c.py	66e_probability_simplex_patch_and_rerun66c.py	.py	18975	d8b72009c13398a9599e5e1c592acb43e3bab07447ea9c92e70e4582a5205452	github_repo_skeleton/scripts/66e_probability_simplex_patch_and_rerun66c.py
code	analysis_script	/mnt/h/vir/ST/66f_manuscript_ready_perturbation_summary.py	66f_manuscript_ready_perturbation_summary.py	.py	28359	fb42f70061e2a2829466cdfc44e64bda66e1b9bd785a674b8d45f9b6a75dbc31	github_repo_skeleton/scripts/66f_manuscript_ready_perturbation_summary.py
code	analysis_script	/mnt/h/vir/ST/67_known_positive_decoy_benchmark.py	67_known_positive_decoy_benchmark.py	.py	43183	21382f98196c5ab5ee681488cdd0c79a9011653fab899f5ac2d4399c467903f8	github_repo_skeleton/scripts/67_known_positive_decoy_benchmark.py
code	analysis_script	/mnt/h/vir/ST/68_validation_layer.py	68_validation_layer.py	.py	57330	2a5d96e62882d852f23d291ecae2e58fd1f206621cdc74990ba67c8680fdff08	github_repo_skeleton/scripts/68_validation_layer.py
code	analysis_script	/mnt/h/vir/ST/68b_external_mcao_validation_layer.py	68b_external_mcao_validation_layer.py	.py	57423	ae2fc54cd69f8b1a9c2ad0d414cce37cf62ed7c760d4e78d814e1831d92cff91	github_repo_skeleton/scripts/68b_external_mcao_validation_layer.py
code	analysis_script	/mnt/h/vir/ST/68c0_fast_find_external_expression.py	68c0_fast_find_external_expression.py	.py	6442	95d0a32dfc74572b6f5643482727248a896a03e399968ccb37866d84168a2bc2	github_repo_skeleton/scripts/68c0_fast_find_external_expression.py
code	analysis_script	/mnt/h/vir/ST/68c0_fast_find_external_expression_v2_strict.py	68c0_fast_find_external_expression_v2_strict.py	.py	12546	5bed5b0832dbb438cb85f4513bf6353205d3f94bee07cdf9e1d8bf2151e5790f	github_repo_skeleton/scripts/68c0_fast_find_external_expression_v2_strict.py
code	analysis_script	/mnt/h/vir/ST/68c0_h5ad_only_audit.py	68c0_h5ad_only_audit.py	.py	7564	87ee7f0e4fdb0f78e4decc29c7339acde004403e36298bf1776fdcab1e593a1c	github_repo_skeleton/scripts/68c0_h5ad_only_audit.py
code	analysis_script	/mnt/h/vir/ST/68c2_prepare_gse233815_sc_sn_for_step68c.py	68c2_prepare_gse233815_sc_sn_for_step68c.py	.py	12466	ab5b209c123e4ecf550f44961cf5abc5f1c1a8c0dfe626209d4bbb371cf89091	github_repo_skeleton/scripts/68c2_prepare_gse233815_sc_sn_for_step68c.py
code	analysis_script	/mnt/h/vir/ST/68c2b_prepare_gse233815_pseudobulk_for_step68c.py	68c2b_prepare_gse233815_pseudobulk_for_step68c.py	.py	9572	0a12bccb90802d4c9ccd0d5b9bf5951f6478f861583727451e4bb2aec92ef413	github_repo_skeleton/scripts/68c2b_prepare_gse233815_pseudobulk_for_step68c.py
code	analysis_script	/mnt/h/vir/ST/68c_external_stroke_expression_rescue_validation.py	68c_external_stroke_expression_rescue_validation.py	.py	73764	34bd6810cdf663d8801ccfc5a32076c699ce94d1ea062ba88eb2ccb3dccdb533	github_repo_skeleton/scripts/68c_external_stroke_expression_rescue_validation.py
code	analysis_script	/mnt/h/vir/ST/68e_strict_gse233815_pseudobulk_robust_validation.py	68e_strict_gse233815_pseudobulk_robust_validation.py	.py	43881	a86dc8cb16c2f50e50b46c4b6eee75ad1d2ab5f236f5eac819de9a3fac73d83f	github_repo_skeleton/scripts/68e_strict_gse233815_pseudobulk_robust_validation.py
code	analysis_script	/mnt/h/vir/ST/68f_rescue_gse233815_filtered_celllevel_h5ad.py	68f_rescue_gse233815_filtered_celllevel_h5ad.py	.py	13027	cdb94f760cec364e0d7c82c4f62610223a52701913181d9994d84b9501a0d078	github_repo_skeleton/scripts/68f_rescue_gse233815_filtered_celllevel_h5ad.py
code	analysis_script	/mnt/h/vir/ST/68g_celllevel_balanced_sensitivity_audit.py	68g_celllevel_balanced_sensitivity_audit.py	.py	34839	1ccc95717a64720ccef9be6afdd695d53d34c9a8172bab87dd133e0ab1338918	github_repo_skeleton/scripts/68g_celllevel_balanced_sensitivity_audit.py
code	analysis_script	/mnt/h/vir/ST/68h_compartment_aware_external_validation_debug.py	68h_compartment_aware_external_validation_debug.py	.py	43447	2520bd58a36796027c7ca2639fecb1f432405816882aa25963cd3272f177a18d	github_repo_skeleton/scripts/68h_compartment_aware_external_validation_debug.py
code	analysis_script	/mnt/h/vir/ST/69_make_virtual_perturbation_main_figure.before_69c_backup.py	69_make_virtual_perturbation_main_figure.before_69c_backup.py	.py	45363	c2101141662083fd42accb8355e1c96d880d71265913f82831a700c89b789d58	github_repo_skeleton/scripts/69_make_virtual_perturbation_main_figure.before_69c_backup.py
code	analysis_script	/mnt/h/vir/ST/69_make_virtual_perturbation_main_figure.py	69_make_virtual_perturbation_main_figure.py	.py	45999	a89dcd3907247a13f652bd7b4339d0d4cfdb00fffa1af162deaccdac80a741f9	github_repo_skeleton/scripts/69_make_virtual_perturbation_main_figure.py
code	analysis_script	/mnt/h/vir/ST/69_make_virtual_perturbation_main_figure.v1_backup.py	69_make_virtual_perturbation_main_figure.v1_backup.py	.py	44759	8a3203039a268cf6c6f0f3ed774e21a5125dcc3c1fad9f6577d824af78168ed9	github_repo_skeleton/scripts/69_make_virtual_perturbation_main_figure.v1_backup.py
code	analysis_script	/mnt/h/vir/ST/70_make_virtual_ko_spatial_rescue_maps.before_70b_backup.py	70_make_virtual_ko_spatial_rescue_maps.before_70b_backup.py	.py	34392	e03d20ee505933a3be8c931e6cde4250b66d3d7a33d306baced13553161a93e0	github_repo_skeleton/scripts/70_make_virtual_ko_spatial_rescue_maps.before_70b_backup.py
code	analysis_script	/mnt/h/vir/ST/70_make_virtual_ko_spatial_rescue_maps.py	70_make_virtual_ko_spatial_rescue_maps.py	.py	34392	e03d20ee505933a3be8c931e6cde4250b66d3d7a33d306baced13553161a93e0	github_repo_skeleton/scripts/70_make_virtual_ko_spatial_rescue_maps.py
code	analysis_script	/mnt/h/vir/ST/71_state_probability_shift_figure.py	71_state_probability_shift_figure.py	.py	43502	e25072ec5ba7284d5da7cf4959382268ac5305fe61a0cdf17aeb5950d3220868	github_repo_skeleton/scripts/71_state_probability_shift_figure.py
code	analysis_script	/mnt/h/vir/ST/71b_state_probability_shift_polished.py	71b_state_probability_shift_polished.py	.py	38321	ab4a5687a6a2829f5775b966c26b11d78ec83be06600905590a315fdaf7e1650	github_repo_skeleton/scripts/71b_state_probability_shift_polished.py
code	analysis_script	/mnt/h/vir/ST/71c_state_probability_shift_net_redistribution.py	71c_state_probability_shift_net_redistribution.py	.py	39925	45b71ae9ba0c932301ca95c834f72aecf8edb303fff19cc58fb92c4d4c937adb	github_repo_skeleton/scripts/71c_state_probability_shift_net_redistribution.py
code	analysis_script	/mnt/h/vir/ST/72_expression_level_insilico_ko_blockade.py	72_expression_level_insilico_ko_blockade.py	.py	46462	f771a441163d120af59db6cab61d4a1afab9699215bee7396570af3ebd9196b3	github_repo_skeleton/scripts/72_expression_level_insilico_ko_blockade.py
code	analysis_script	/mnt/h/vir/ST/72b_expression_level_insilico_ko_blockade_regressor.py	72b_expression_level_insilico_ko_blockade_regressor.py	.py	40164	abf375627f4866f2909db7b0efcf4598ab937277ced7539e81161b5b372424d8	github_repo_skeleton/scripts/72b_expression_level_insilico_ko_blockade_regressor.py
code	analysis_script	/mnt/h/vir/ST/72c_expression_level_insilico_ko_strict_label_classifier.py	72c_expression_level_insilico_ko_strict_label_classifier.py	.py	49008	d302ab80748501e27eb812c31d4fbefe6536cf58319349620292a341c00a6d80	github_repo_skeleton/scripts/72c_expression_level_insilico_ko_strict_label_classifier.py
code	analysis_script	/mnt/h/vir/ST/72d_step72c_robustness_freeze_check.py	72d_step72c_robustness_freeze_check.py	.py	26669	8e208917d7791bc7b24375eee48619aa4c96e8a20b294f446251394f3e564f40	github_repo_skeleton/scripts/72d_step72c_robustness_freeze_check.py
code	analysis_script	/mnt/h/vir/ST/73_track_specific_dynamic_marker_heatmap.py	73_track_specific_dynamic_marker_heatmap.py	.py	34862	a31c047d201eb413f0d6924d2549c8e0ba98269abb890f08ae92bd622d8a249d	github_repo_skeleton/scripts/73_track_specific_dynamic_marker_heatmap.py
code	analysis_script	/mnt/h/vir/ST/73b_compact_track_dynamic_marker_heatmap.py	73b_compact_track_dynamic_marker_heatmap.py	.py	23438	7e51c995292fe88b8e639171b11e768993c1d92e6454f0e9701283174d5a82f2	github_repo_skeleton/scripts/73b_compact_track_dynamic_marker_heatmap.py
code	analysis_script	/mnt/h/vir/ST/73c_ultraclean_track_dynamic_marker_heatmap.py	73c_ultraclean_track_dynamic_marker_heatmap.py	.py	22904	bcc29c75b54e8eb619f22658b6c82713d088d3a92e857e928d5a4b5d1441540a	github_repo_skeleton/scripts/73c_ultraclean_track_dynamic_marker_heatmap.py
code	analysis_script	/mnt/h/vir/ST/73d_labelclean_final_track_dynamic_marker_heatmap.py	73d_labelclean_final_track_dynamic_marker_heatmap.py	.py	22057	20474ea252e8c8a74d84c13edf13c0548f4b1bb696225e3679e15f78869eab29	github_repo_skeleton/scripts/73d_labelclean_final_track_dynamic_marker_heatmap.py
code	analysis_script	/mnt/h/vir/ST/73e_final_polished_track_dynamic_marker_heatmap.py	73e_final_polished_track_dynamic_marker_heatmap.py	.py	21298	47a68871fd51c31be369241bec6a8354aae91ec96b8cde8a74071c4fe4c8ffc3	github_repo_skeleton/scripts/73e_final_polished_track_dynamic_marker_heatmap.py
code	analysis_script	/mnt/h/vir/ST/74_wgcna_style_module_evidence_figure.py	74_wgcna_style_module_evidence_figure.py	.py	33955	c773b5bc5210e84530c1afa5d1f3d88ca7848acc490a86e8ace7b147674bc1fc	github_repo_skeleton/scripts/74_wgcna_style_module_evidence_figure.py
code	analysis_script	/mnt/h/vir/ST/74b_polished_wgcna_style_module_evidence_figure.py	74b_polished_wgcna_style_module_evidence_figure.py	.py	23672	c195674dbd55826daff1061d72031a5199a14ee59855f589804d5897d95d00c3	github_repo_skeleton/scripts/74b_polished_wgcna_style_module_evidence_figure.py
code	analysis_script	/mnt/h/vir/ST/75_make_spatial_landscape_atlas.py	75_make_spatial_landscape_atlas.py	.py	34223	cc741c7803d83803b2739fa3ec55b7e916eed527e0425d1b8dedee240ea9135e	github_repo_skeleton/scripts/75_make_spatial_landscape_atlas.py
code	analysis_script	/mnt/h/vir/ST/75b_dark_spatial_landscape_atlas.py	75b_dark_spatial_landscape_atlas.py	.py	40508	5e60e0ec068844c4df1118369a8ee42d780c2fd51715b8ab6acdfa2e79542919	github_repo_skeleton/scripts/75b_dark_spatial_landscape_atlas.py
code	analysis_script	/mnt/h/vir/ST/75c_rerun_dark_spatial_landscape_atlas_fixed_cbar.py	75c_rerun_dark_spatial_landscape_atlas_fixed_cbar.py	.py	8040	243313cdc52b8320c350ff638070e7317e4a851f5431bcf6c27c2154e8eaf17f	github_repo_skeleton/scripts/75c_rerun_dark_spatial_landscape_atlas_fixed_cbar.py
code	analysis_script	/mnt/h/vir/ST/75d_module_state_landscape_2x4_atlas.py	75d_module_state_landscape_2x4_atlas.py	.py	26170	d0f6f9f61f8478b0603a709cf436913af71b1798ab74189cddce7092bb37379f	github_repo_skeleton/scripts/75d_module_state_landscape_2x4_atlas.py
code	analysis_script	/mnt/h/vir/ST/75e_virtual_perturbation_before_after_spatial_atlas.py	75e_virtual_perturbation_before_after_spatial_atlas.py	.py	34188	0b9ae53e820e328f97a50e63ba96d149105867f9693c454af5a5d17b8f72182a	github_repo_skeleton/scripts/75e_virtual_perturbation_before_after_spatial_atlas.py
code	analysis_script	/mnt/h/vir/ST/75f_virtual_perturbation_before_after_spatial_atlas_color_consistent.py	75f_virtual_perturbation_before_after_spatial_atlas_color_consistent.py	.py	34246	3330740dd93a0065146cd7f48c4512071c59f54255bde22164611daa84e6c611	github_repo_skeleton/scripts/75f_virtual_perturbation_before_after_spatial_atlas_color_consistent.py
code	analysis_script	/mnt/h/vir/ST/76_latent_state_potential_landscape.py	76_latent_state_potential_landscape.py	.py	39176	43841b789966bf41bf6193c5bd2a40c344e054d9cce2058bd58e0382ccd01376	github_repo_skeleton/scripts/76_latent_state_potential_landscape.py
code	analysis_script	/mnt/h/vir/ST/76b_force_obsm_latent_state_potential_landscape.py	76b_force_obsm_latent_state_potential_landscape.py	.py	2912	c16df006ba8004521e10ee06b6e4ee2402028395401b907a298b1b5a5737612a	github_repo_skeleton/scripts/76b_force_obsm_latent_state_potential_landscape.py
code	analysis_script	/mnt/h/vir/ST/77_state_probability_landscape.py	77_state_probability_landscape.py	.py	36392	2725e494df44eb3198e8878daf5a703a606b1d4c17ca0c0be0d8170719e0c678	github_repo_skeleton/scripts/77_state_probability_landscape.py
code	analysis_script	/mnt/h/vir/ST/77a_state_probability_landscape_fixed_audit.py	77a_state_probability_landscape_fixed_audit.py	.py	48217	d752d7aa80e011a62b561ef7020f8fd943a9dfc356197d47f8ef7aaecf2504e1	github_repo_skeleton/scripts/77a_state_probability_landscape_fixed_audit.py
code	analysis_script	/mnt/h/vir/ST/77b_make_manuscript_ready_compact_landscape.py	77b_make_manuscript_ready_compact_landscape.py	.py	30738	5e33a48c05afa0538ef43d85d32e27e4adb84e43544c194d17d481cae4b28e01	github_repo_skeleton/scripts/77b_make_manuscript_ready_compact_landscape.py
code	analysis_script	/mnt/h/vir/ST/77b_make_manuscript_ready_compact_landscape_fixed.py	77b_make_manuscript_ready_compact_landscape_fixed.py	.py	31801	5d348b6f4c5a7c8beea31ffcb142f00e5ac7f87a65fa19529da7eb40a9ed165f	github_repo_skeleton/scripts/77b_make_manuscript_ready_compact_landscape_fixed.py
code	analysis_script	/mnt/h/vir/ST/78_virtual_perturbation_response_landscape.py	78_virtual_perturbation_response_landscape.py	.py	48951	8fa0d621e2408d3f09fe06fd1f45d6816219d2748c3a0f4ee601f996752fab4b	github_repo_skeleton/scripts/78_virtual_perturbation_response_landscape.py
code	analysis_script	/mnt/h/vir/ST/78b_virtual_perturbation_response_landscape_fixed.py	78b_virtual_perturbation_response_landscape_fixed.py	.py	39432	77e05c4cf11d506d70e91419bed70de06602c6f777a6f1b4c738b71afb914b2a	github_repo_skeleton/scripts/78b_virtual_perturbation_response_landscape_fixed.py
code	analysis_script	/mnt/h/vir/ST/78c_virtual_perturbation_response_landscape_final.py	78c_virtual_perturbation_response_landscape_final.py	.py	43120	1af302a680d99adb99f44bff75c958265b48e423b2363a53a5b26919e7771dbc	github_repo_skeleton/scripts/78c_virtual_perturbation_response_landscape_final.py
code	analysis_script	/mnt/h/vir/ST/78d_fix_response_landscape_atlas_and_repair_audit.py	78d_fix_response_landscape_atlas_and_repair_audit.py	.py	38614	8cde5b076440ddcde20c6511dcebd4f29254a7d404bc3160b6b7b3863c1f9308	github_repo_skeleton/scripts/78d_fix_response_landscape_atlas_and_repair_audit.py
code	analysis_script	/mnt/h/vir/ST/79_state_timepoint_spatial_progression_atlas.py	79_state_timepoint_spatial_progression_atlas.py	.py	46699	125f0270bfa049819dd4d1559ce2fd2ab2d04a1eb1281258a67f00c0a2caed36	github_repo_skeleton/scripts/79_state_timepoint_spatial_progression_atlas.py
code	analysis_script	/mnt/h/vir/ST/79_state_timepoint_spatial_progression_atlas_final_v2.py	79_state_timepoint_spatial_progression_atlas_final_v2.py	.py	37747	16bb2d1ff522eca0c70d37459f1d92e7c9d727569d481e859ce7e46b9ec600e1	github_repo_skeleton/scripts/79_state_timepoint_spatial_progression_atlas_final_v2.py
code	analysis_script	/mnt/h/vir/ST/79_state_timepoint_spatial_progression_atlas_fixed.py	79_state_timepoint_spatial_progression_atlas_fixed.py	.py	40225	233c2218e635f39a2f2e722301badcc1bdd509d49e02209aeb43306d62f5270e	github_repo_skeleton/scripts/79_state_timepoint_spatial_progression_atlas_fixed.py
code	analysis_script	/mnt/h/vir/ST/80_candidate_perturbation_axis_expression_dotplot.py	80_candidate_perturbation_axis_expression_dotplot.py	.py	19242	ab2bde3e2aa228415ace76bc041560d19f632063cabb866c92d03af31e1ae4e5	github_repo_skeleton/scripts/80_candidate_perturbation_axis_expression_dotplot.py
code	analysis_script	/mnt/h/vir/ST/81_surrogate_feature_response_audit.py	81_surrogate_feature_response_audit.py	.py	33087	a01c99767cf7a61792244370f86c996f2bdcffbe2ecacc8bf26d65d4e1d5be93	github_repo_skeleton/scripts/81_surrogate_feature_response_audit.py
code	analysis_script	/mnt/h/vir/ST/81b_surrogate_feature_response_audit_fixed.py	81b_surrogate_feature_response_audit_fixed.py	.py	29723	480a8398463937c37fba2995ff435e7599eef76e8c915420c4cfb355aca0ab68	github_repo_skeleton/scripts/81b_surrogate_feature_response_audit_fixed.py
code	analysis_script	/mnt/h/vir/ST/99_prepare_github_zenodo_release_bundle.broken.py	99_prepare_github_zenodo_release_bundle.broken.py	.py	14393	659354ec1b60cf35a729b516e111597f79b81a217cd3c8314c952e9eeb75de69	github_repo_skeleton/scripts/99_prepare_github_zenodo_release_bundle.broken.py
code	analysis_script	/mnt/h/vir/ST/99_prepare_github_zenodo_release_bundle.py	99_prepare_github_zenodo_release_bundle.py	.py	20214	be329ada3b463b76562b06a83a72c6cfb72bbf27a4fece514c43c9a9dba8c83b	github_repo_skeleton/scripts/99_prepare_github_zenodo_release_bundle.py
code	analysis_script	/mnt/h/vir/ST/download_encode_tf_chipseq_idr.py	download_encode_tf_chipseq_idr.py	.py	5807	4e1706cf89089cf0c916b939d4cfa2e6d7f5fff4b1eeddacee6b3c80974609f6	github_repo_skeleton/scripts/download_encode_tf_chipseq_idr.py
code	analysis_script	/mnt/h/vir/ST/plot_fig1D_loss_design_polished.py	plot_fig1D_loss_design_polished.py	.py	7820	cc491bf18e9d8e70b596f1ab404eb4f41f6639aa8cc81e99492b9e1245c6a022	github_repo_skeleton/scripts/plot_fig1D_loss_design_polished.py
code	analysis_script	/mnt/h/vir/ST/01_task1_define_spatial_regions.R	01_task1_define_spatial_regions.R	.R	14591	25cfbed24e1c1afa6ad43d4daa4d72cb0983ead4ec56bee5f17eafad074ab2a7	github_repo_skeleton/scripts/01_task1_define_spatial_regions.R
code	analysis_script	/mnt/h/vir/ST/02_task2_seurat_label_transfer.R	02_task2_seurat_label_transfer.R	.R	19479	188bf8af0796cceef6bf97cbc55b4150e33c9262b6f5f0c99ce941ffc86ba5fb	github_repo_skeleton/scripts/02_task2_seurat_label_transfer.R
code	analysis_script	/mnt/h/vir/ST/02_task2_seurat_label_transfer02.R	02_task2_seurat_label_transfer02.R	.R	28133	36d78505e990e820611c2d9d5c75453fc834acc7a93d31db9d49a3b9a9af58d8	github_repo_skeleton/scripts/02_task2_seurat_label_transfer02.R
code	analysis_script	/mnt/h/vir/ST/03_integrate_task1_task2_region_celltype.R	03_integrate_task1_task2_region_celltype.R	.R	22663	bc632f9557110ac0eebb57d048ae57e7c3be8b822565c1a92747fc451bb5a6de	github_repo_skeleton/scripts/03_integrate_task1_task2_region_celltype.R
code	analysis_script	/mnt/h/vir/ST/04_downstream_region_celltype_plots.R	04_downstream_region_celltype_plots.R	.R	16047	282e03216fa31168aa2342529688d52abfb57e4bd5e192569ee2f183706fa8c6	github_repo_skeleton/scripts/04_downstream_region_celltype_plots.R
code	analysis_script	/mnt/h/vir/ST/04_export_seurat_to_python_bridge.R	04_export_seurat_to_python_bridge.R	.R	10633	3aa18acd8e9f41c22922a647cb5c3a70ba9a8fe2207c6d9fef77820e08e7eb12	github_repo_skeleton/scripts/04_export_seurat_to_python_bridge.R
code	analysis_script	/mnt/h/vir/ST/04b_export_seurat_pca_embeddings.R	04b_export_seurat_pca_embeddings.R	.R	1249	e42ab4503a047b39e7fea4248aff2691f3cbc98872df722498f4838795b2dc1d	github_repo_skeleton/scripts/04b_export_seurat_pca_embeddings.R
code	analysis_script	/mnt/h/vir/ST/04b_export_seurat_pca_embeddings02.R	04b_export_seurat_pca_embeddings02.R	.R	4099	d5b316d77f2f5f17d4714a728e088083fe21a7458ab17cca99d8735fe371983a	github_repo_skeleton/scripts/04b_export_seurat_pca_embeddings02.R
code	analysis_script	/mnt/h/vir/ST/05_OL_subtype_spatial_mapping.R	05_OL_subtype_spatial_mapping.R	.R	29581	ea2884a6c88e9ff3f32f31a1263577d9abf89dfa122cb5a43a403f85aaf8c070	github_repo_skeleton/scripts/05_OL_subtype_spatial_mapping.R
code	analysis_script	/mnt/h/vir/ST/06_validate_with_RCTD_nygen_spatial.R	06_validate_with_RCTD_nygen_spatial.R	.R	30902	2fb06e368e43e15dae865b743939c692a99c60e8dda19ef9ca76a402ff858871	github_repo_skeleton/scripts/06_validate_with_RCTD_nygen_spatial.R
code	analysis_script	/mnt/h/vir/ST/07_validate_with_seurat_2ndSpatial.R	07_validate_with_seurat_2ndSpatial.R	.R	32917	701f27be04114ca49b838f065f823fd10a8a3845d4b216a5e9a531aa2f060329	github_repo_skeleton/scripts/07_validate_with_seurat_2ndSpatial.R
code	analysis_script	/mnt/h/vir/ST/07_validate_with_seurat_2ndSpatial02.R	07_validate_with_seurat_2ndSpatial02.R	.R	45224	490ee23146c484c9cdc06de70499a5bb8948899059985e6057e4fa6c133f21a5	github_repo_skeleton/scripts/07_validate_with_seurat_2ndSpatial02.R
code	analysis_script	/mnt/h/vir/ST/08_step2_refine_spatial_regions.R	08_step2_refine_spatial_regions.R	.R	23544	e45c5a2a9331df75275a81d67af9fd29d04a833396498c5ad1a1884e3416fe56	github_repo_skeleton/scripts/08_step2_refine_spatial_regions.R
code	analysis_script	/mnt/h/vir/ST/09_cell_state_trajectory_and_spatial_projection.R	09_cell_state_trajectory_and_spatial_projection.R	.R	35576	1b47e60dcd753b106c3a429f73ca750d41578d9e6cafa0931b76acbb4cd7511e	github_repo_skeleton/scripts/09_cell_state_trajectory_and_spatial_projection.R
code	analysis_script	/mnt/h/vir/ST/09_cell_state_trajectory_and_spatial_projection02.R	09_cell_state_trajectory_and_spatial_projection02.R	.R	49628	c34e5d56d87b159f0e4479de3146fec3af3c95e820789fbbc8a929cf7da6eacb	github_repo_skeleton/scripts/09_cell_state_trajectory_and_spatial_projection02.R
code	analysis_script	/mnt/h/vir/ST/09_step3_strict_RCTD_deconvolution_main.R	09_step3_strict_RCTD_deconvolution_main.R	.R	27188	2e95d8864a55a81b9f192bf975353d576b1abd25d7f27b2bbd64ba7fabcb5b39	github_repo_skeleton/scripts/09_step3_strict_RCTD_deconvolution_main.R
code	analysis_script	/mnt/h/vir/ST/09_step3_strict_RCTD_deconvolution_main02.R	09_step3_strict_RCTD_deconvolution_main02.R	.R	30939	6d1b10d508f83a8479d9d1f7ce3a8fda7d68cb6253e570e380c9cb52b187bbd1	github_repo_skeleton/scripts/09_step3_strict_RCTD_deconvolution_main02.R
code	analysis_script	/mnt/h/vir/ST/10_cellchat_region_communication.R	10_cellchat_region_communication.R	.R	25309	1fb0880e71e28ea8f3eeccabcc5499875f114c429e5eac8e98c81baa103b9ed1	github_repo_skeleton/scripts/10_cellchat_region_communication.R
code	analysis_script	/mnt/h/vir/ST/11_nichenet_virtual_penumbra_ligand_ranking.R	11_nichenet_virtual_penumbra_ligand_ranking.R	.R	31918	b4ec56bb3ecc0e6f422224aa362efdba26a2cff75a5e78a857592ddd6628c03c	github_repo_skeleton/scripts/11_nichenet_virtual_penumbra_ligand_ranking.R
code	analysis_script	/mnt/h/vir/ST/37c_run_all_variant_retraining_no_overwrite.sh	37c_run_all_variant_retraining_no_overwrite.sh	.sh	4780	c4dfa328bd35fab5aecc0b31bb07e554066607440e7fca56f73f3fa20f1e548a	github_repo_skeleton/scripts/37c_run_all_variant_retraining_no_overwrite.sh
code	analysis_script	/mnt/h/vir/ST/49_run_sensitivity_analysis.sh	49_run_sensitivity_analysis.sh	.sh	3795	f12dece68c839bd31cced9fe3fc7dc7ea32293fdcfee7ec6136c5a39ad018a3f	github_repo_skeleton/scripts/49_run_sensitivity_analysis.sh
code	analysis_script	/mnt/h/vir/ST/run_41_then_44_real_candidate.sh	run_41_then_44_real_candidate.sh	.sh	9589	df4a765eaec3c43655ba147d8a3f9ed66b2c66d723a99dc9ae4c2dc8228d3d11	github_repo_skeleton/scripts/run_41_then_44_real_candidate.sh
code	analysis_script	/mnt/h/vir/ST/run_43_full_drug_integration.sh	run_43_full_drug_integration.sh	.sh	3574	a2d38e6451cbdcb28daf7a6775f4e87067ad425b8023ddf39408982b3282c3b5	github_repo_skeleton/scripts/run_43_full_drug_integration.sh
code	analysis_script	/mnt/h/vir/ST/run_43_full_no_chembl.sh	run_43_full_no_chembl.sh	.sh	625	254a860a803db641cc98ef0e2a34b6541e4808ba6067b9c26d5af6b452ab2f9f	github_repo_skeleton/scripts/run_43_full_no_chembl.sh
code	analysis_script	/mnt/h/vir/ST/run_step75_final_frozen.sh	run_step75_final_frozen.sh	.sh	2655	430b0fd10dd42f2e712286f35efa5269c022e6ee21289883c5f790522701f444	github_repo_skeleton/scripts/run_step75_final_frozen.sh
